policy,seed,channel,spend,impressions,clicks,conversions
static,0,SMS,434272.87410640996,1001381,33156,951
static,0,Social Network 1,666639.550695737,3508480,55145,1847
static,0,Social Network 3,99087.57519785292,474662,7645,186
periodic_reoptimization,0,Marketplace 1,3328.3355678660932,6739,115,4
periodic_reoptimization,0,Marketplace 2,656935.7213625852,1215358,30853,1394
periodic_reoptimization,0,SMS,334525.7461116349,783453,25871,720
periodic_reoptimization,0,Social Network 1,102760.13620385932,543268,8874,270
periodic_reoptimization,0,Social Network 3,102450.06075405466,472525,7518,180
thompson_sampling,0,Marketplace 1,10000.0,19841,332,12
thompson_sampling,0,Marketplace 2,644285.7142857143,1202931,30184,1365
thompson_sampling,0,Marketplace 3,10000.0,32130,540,19
thompson_sampling,0,Programmatic,7142.85714285713,46806,130,2
thompson_sampling,0,SMS,275714.2857142857,645026,21587,611
thompson_sampling,0,Social Network 1,195714.28571428568,1051668,16945,548
thompson_sampling,0,Social Network 2,10000.0,33828,574,12
thompson_sampling,0,Social Network 3,47142.85714285714,223792,3636,84
linucb,0,SMS,127142.85714285712,296367,10516,280
linucb,0,Social Network 1,1045714.2857142856,5374006,85518,2837
linucb,0,Social Network 3,27142.857142857276,128916,1880,43
oracle,0,Social Network 1,1199999.9999999998,6127978,95778,3253
static,1,SMS,434272.87410640996,1133481,45240,1091
static,1,Social Network 1,666639.550695737,3346057,54459,2426
static,1,Social Network 3,99087.57519785292,581648,9688,286
periodic_reoptimization,1,SMS,79274.4450665929,210346,8458,201
periodic_reoptimization,1,Social Network 1,1106570.1870479991,5413115,87384,3925
periodic_reoptimization,1,Social Network 3,14155.367885407559,83240,1386,41
thompson_sampling,1,Marketplace 1,10000.0,21196,494,18
thompson_sampling,1,Marketplace 2,51428.57142857137,127472,3678,136
thompson_sampling,1,Marketplace 3,10000.0,26615,408,9
thompson_sampling,1,Programmatic,10000.0,69020,225,0
thompson_sampling,1,SMS,101428.57142857145,269756,10920,257
thompson_sampling,1,Social Network 1,730000.0,3643463,59507,2620
thompson_sampling,1,Social Network 2,10000.0,38584,490,9
thompson_sampling,1,Social Network 3,277142.8571428571,1589089,26346,844
linucb,1,SMS,77142.85714285714,199206,7903,208
linucb,1,Social Network 1,1122857.1428571427,5489971,89381,4006
oracle,1,Social Network 1,1199999.9999999998,5846396,94006,4179
static,2,SMS,434272.87410640996,1105246,37748,1132
static,2,Social Network 1,666639.550695737,2571591,34898,1190
static,2,Social Network 3,99087.57519785292,557697,8673,228
periodic_reoptimization,2,Marketplace 1,1693.4560502718086,3172,66,1
periodic_reoptimization,2,Marketplace 2,462812.43562825257,956771,28383,1093
periodic_reoptimization,2,SMS,549693.4991203182,1373726,46893,1426
periodic_reoptimization,2,Social Network 1,95234.22152796244,366821,5236,156
periodic_reoptimization,2,Social Network 3,90566.38767319552,502136,7866,209
thompson_sampling,2,Marketplace 1,111428.5714285714,205249,4179,208
thompson_sampling,2,Marketplace 2,355714.2857142857,742160,21999,798
thompson_sampling,2,Marketplace 3,10000.0,25499,392,13
thompson_sampling,2,Programmatic,10000.0,61769,221,4
thompson_sampling,2,SMS,395714.2857142857,1009944,34503,983
thompson_sampling,2,Social Network 1,208571.42857142867,813726,11200,427
thompson_sampling,2,Social Network 2,7142.857142857145,32313,450,4
thompson_sampling,2,Social Network 3,101428.57142857139,561660,8616,247
linucb,2,Marketplace 2,588571.4285714285,1207790,37019,1459
linucb,2,SMS,372857.14285714296,949187,32967,895
linucb,2,Social Network 1,30000.0,117789,1520,42
linucb,2,Social Network 3,208571.42857142852,1136493,17793,448
oracle,2,Marketplace 2,706276.1915870457,1451065,42964,1680
oracle,2,SMS,472894.81290803594,1198483,40676,1158
oracle,2,Social Network 3,20828.995504918144,118330,1776,46
static,3,SMS,434272.87410640996,1054595,39195,1041
static,3,Social Network 1,666639.550695737,2586071,33766,1170
static,3,Social Network 3,99087.57519785292,557757,8062,242
periodic_reoptimization,3,Marketplace 1,25768.314772213358,59167,1039,58
periodic_reoptimization,3,Marketplace 2,202346.63799772327,414271,10765,436
periodic_reoptimization,3,SMS,527720.0016610154,1262045,46601,1264
periodic_reoptimization,3,Social Network 1,95234.22152796244,369027,4717,175
periodic_reoptimization,3,Social Network 3,348930.8240410849,1905219,26922,845
thompson_sampling,3,Marketplace 1,262857.1428571428,604926,10261,638
thompson_sampling,3,Marketplace 2,307142.8571428571,625215,16371,622
thompson_sampling,3,Marketplace 3,10000.0,26041,395,12
thompson_sampling,3,SMS,508571.4285714287,1212267,44947,1144
thompson_sampling,3,Social Network 1,37142.857142857116,147383,1889,62
thompson_sampling,3,Social Network 2,10000.0,42734,555,14
thompson_sampling,3,Social Network 3,64285.71428571426,355770,5062,135
linucb,3,Marketplace 2,235714.28571428568,479130,12528,495
linucb,3,SMS,421428.5714285714,1013725,37162,1000
linucb,3,Social Network 1,122857.14285714296,483006,6367,221
linucb,3,Social Network 3,419999.99999999994,2274307,32417,968
oracle,3,Marketplace 1,372461.85080071277,852112,14301,808
oracle,3,SMS,411410.37883448205,1000291,36706,996
oracle,3,Social Network 3,416127.770364805,2265629,32250,989
static,4,SMS,434272.87410640996,1077352,43428,1262
static,4,Social Network 1,666639.550695737,2436335,42943,1630
static,4,Social Network 3,99087.57519785292,557376,9715,278
periodic_reoptimization,4,SMS,455182.2008454921,1126473,45229,1304
periodic_reoptimization,4,Social Network 1,600296.0999509379,2194775,38691,1441
periodic_reoptimization,4,Social Network 3,144521.69920356973,806074,14108,418
thompson_sampling,4,Marketplace 1,87142.85714285728,174164,3866,211
thompson_sampling,4,Marketplace 2,130000.0,248735,6576,259
thompson_sampling,4,Marketplace 3,10000.0,23268,383,12
thompson_sampling,4,SMS,482857.14285714284,1179319,47465,1338
thompson_sampling,4,Social Network 1,307142.8571428571,1131203,19733,698
thompson_sampling,4,Social Network 2,10000.0,42391,559,14
thompson_sampling,4,Social Network 3,172857.14285714278,957579,16791,498
linucb,4,SMS,597142.857142857,1442801,57638,1671
linucb,4,Social Network 1,277142.8571428571,1020494,18474,675
linucb,4,Social Network 3,325714.2857142858,1754688,31055,884
oracle,4,Marketplace 1,212889.64235703112,424733,9425,529
oracle,4,SMS,499081.0820217803,1224739,48988,1434
oracle,4,Social Network 1,65589.58310143418,246431,4346,169
oracle,4,Social Network 3,422439.6925197542,2295177,40135,1213
static,5,SMS,434272.87410640996,1232011,37877,1271
static,5,Social Network 1,666639.550695737,2868080,49264,2088
static,5,Social Network 3,99087.57519785292,555060,9125,272
periodic_reoptimization,5,SMS,152515.71417304868,445625,13804,458
periodic_reoptimization,5,Social Network 1,1033328.9179415441,4364868,75017,3101
periodic_reoptimization,5,Social Network 3,14155.367885407559,79224,1216,37
thompson_sampling,5,Marketplace 1,37142.85714285713,68708,1453,71
thompson_sampling,5,Marketplace 2,94285.71428571425,183934,5576,206
thompson_sampling,5,Marketplace 3,7142.857142857138,19655,342,9
thompson_sampling,5,Programmatic,10000.0,67004,277,4
thompson_sampling,5,SMS,54285.7142857144,158665,4844,149
thompson_sampling,5,Social Network 1,947142.857142857,4012477,68963,2893
thompson_sampling,5,Social Network 2,10000.0,44657,479,7
thompson_sampling,5,Social Network 3,40000.0,221522,3557,93
linucb,5,SMS,297142.8571428573,856224,26142,820
linucb,5,Social Network 1,902857.1428571427,3841477,65852,2766
oracle,5,SMS,245806.35380198137,721146,22404,734
oracle,5,Social Network 1,954193.6461980186,4050552,69774,3025
static,6,SMS,434272.87410640996,1251618,45297,1489
static,6,Social Network 1,666639.550695737,3042840,47782,1662
static,6,Social Network 3,99087.57519785292,672742,8466,270
periodic_reoptimization,6,SMS,836309.0663704096,2225742,79204,2690
periodic_reoptimization,6,Social Network 1,304067.33679430024,1404099,22243,776
periodic_reoptimization,6,Social Network 3,59623.596835290016,403368,5224,172
thompson_sampling,6,Marketplace 1,30000.0,73578,1619,66
thompson_sampling,6,Marketplace 2,30000.0,59741,1544,47
thompson_sampling,6,Marketplace 3,10000.0,28335,488,15
thompson_sampling,6,Programmatic,10000.0,74955,294,2
thompson_sampling,6,SMS,838571.4285714285,2234280,79516,2798
thompson_sampling,6,Social Network 1,185714.28571428586,860900,13622,488
thompson_sampling,6,Social Network 2,10000.0,39469,585,10
thompson_sampling,6,Social Network 3,85714.28571428562,577127,7250,246
linucb,6,SMS,844285.7142857141,2252628,80261,2784
linucb,6,Social Network 1,355714.2857142858,1643699,25898,932
oracle,6,SMS,847490.7351585095,2269363,80909,2791
oracle,6,Social Network 1,72697.8960416663,340187,5334,176
oracle,6,Social Network 3,279811.368799824,1858607,23463,783
static,7,SMS,434272.87410640996,1405779,43743,1228
static,7,Social Network 1,666639.550695737,2607997,41607,1784
static,7,Social Network 3,99087.57519785292,600535,8184,216
periodic_reoptimization,7,SMS,71869.6042420609,234917,7157,207
periodic_reoptimization,7,Social Network 1,1113975.0278725314,4268147,67818,2883
periodic_reoptimization,7,Social Network 3,14155.367885407559,85982,1238,31
thompson_sampling,7,Marketplace 1,20000.0,40648,728,36
thompson_sampling,7,Marketplace 2,40000.0,78042,2119,76
thompson_sampling,7,Marketplace 3,10000.0,33824,579,12
thompson_sampling,7,Programmatic,10000.0,59656,215,7
thompson_sampling,7,SMS,21428.5714285714,74033,2353,55
thompson_sampling,7,Social Network 1,1058571.4285714286,4063616,64677,2819
thompson_sampling,7,Social Network 2,10000.0,32694,495,7
thompson_sampling,7,Social Network 3,30000.0,175961,2388,61
linucb,7,SMS,508571.4285714285,1611973,50393,1437
linucb,7,Social Network 1,691428.5714285715,2699022,43644,1863
oracle,7,SMS,286901.5305480006,957782,29875,824
oracle,7,Social Network 1,913098.4694519992,3537233,56667,2436
static,8,SMS,434272.87410640996,1061357,35661,1038
static,8,Social Network 1,666639.550695737,3104670,46057,2040
static,8,Social Network 3,99087.57519785292,619524,8154,253
periodic_reoptimization,8,SMS,396380.8599526895,973737,32569,1015
periodic_reoptimization,8,Social Network 1,789463.7721619027,3655808,54038,2404
periodic_reoptimization,8,Social Network 3,14155.367885407559,88389,1163,32
thompson_sampling,8,Marketplace 1,17142.857142857145,38315,954,38
thompson_sampling,8,Marketplace 2,10000.0,23737,537,16
thompson_sampling,8,Marketplace 3,17142.8571428571,54592,911,38
thompson_sampling,8,Programmatic,10000.0,64035,221,4
thompson_sampling,8,SMS,80000.0,202009,6794,176
thompson_sampling,8,Social Network 1,1038571.4285714286,4739226,69713,3166
thompson_sampling,8,Social Network 2,10000.0,38727,554,13
thompson_sampling,8,Social Network 3,17142.857142857138,106589,1414,33
linucb,8,SMS,151428.57142857142,377162,13129,399
linucb,8,Social Network 1,1048571.4285714285,4782444,70483,3214
oracle,8,Social Network 1,1199999.9999999998,5437203,79765,3576
static,9,SMS,434272.87410640996,979621,26951,657
static,9,Social Network 1,666639.550695737,2772850,50723,1738
static,9,Social Network 3,99087.57519785292,673779,10075,257
periodic_reoptimization,9,Marketplace 2,540109.7537089246,1160921,36931,1530
periodic_reoptimization,9,SMS,62038.98201520142,139812,4021,90
periodic_reoptimization,9,Social Network 1,583695.8963904666,2424173,44513,1563
periodic_reoptimization,9,Social Network 3,14155.367885407559,96311,1386,32
thompson_sampling,9,Marketplace 1,74285.71428571426,131848,2673,141
thompson_sampling,9,Marketplace 2,757142.8571428572,1620963,51509,2161
thompson_sampling,9,Marketplace 3,7142.857142857145,19830,303,7
thompson_sampling,9,Programmatic,10000.0,61279,231,3
thompson_sampling,9,SMS,44285.71428571426,103182,2893,71
thompson_sampling,9,Social Network 1,269999.99999999994,1141006,20508,670
thompson_sampling,9,Social Network 2,10000.0,31729,540,9
thompson_sampling,9,Social Network 3,27142.857142857138,182177,2655,72
linucb,9,SMS,37142.85714285712,86740,2295,54
linucb,9,Social Network 1,805714.2857142857,3326794,60305,2046
linucb,9,Social Network 3,357142.8571428572,2332005,35173,881
oracle,9,Marketplace 2,776918.871899679,1670614,52570,2206
oracle,9,Social Network 1,405868.9558269412,1707973,31583,1062
oracle,9,Social Network 3,17212.172273379645,117884,1798,44
static,10,SMS,434272.87410640996,1265115,36852,935
static,10,Social Network 1,666639.550695737,2560043,45867,1526
static,10,Social Network 3,99087.57519785292,524934,8936,251
periodic_reoptimization,10,Marketplace 1,266.1455580032398,638,14,0
periodic_reoptimization,10,Marketplace 2,5064.635551136969,11207,284,8
periodic_reoptimization,10,SMS,62038.98201520142,180434,5478,138
periodic_reoptimization,10,Social Network 1,1118474.8689902506,4209933,74767,2466
periodic_reoptimization,10,Social Network 3,14155.367885407559,75188,1299,27
thompson_sampling,10,Marketplace 1,80000.0,184607,3798,203
thompson_sampling,10,Marketplace 2,20000.0,43440,1064,34
thompson_sampling,10,Marketplace 3,27142.857142857145,64704,910,30
thompson_sampling,10,Programmatic,10000.0,60560,258,6
thompson_sampling,10,SMS,24285.714285714268,74331,2157,48
thompson_sampling,10,Social Network 1,685714.2857142857,2624786,47476,1559
thompson_sampling,10,Social Network 2,7142.857142857145,23283,275,5
thompson_sampling,10,Social Network 3,345714.2857142857,1783395,30559,874
linucb,10,Marketplace 2,41428.57142857143,90543,2113,68
linucb,10,SMS,275714.2857142857,815086,23808,576
linucb,10,Social Network 1,290000.00000000006,1123780,20578,624
linucb,10,Social Network 3,592857.1428571428,2996511,51100,1454
oracle,10,Marketplace 1,384467.18786192883,876565,17350,952
oracle,10,SMS,39148.307054229634,122912,3605,95
oracle,10,Social Network 1,426160.57263312436,1652102,29572,991
oracle,10,Social Network 3,350223.93245071685,1815923,30939,874
static,11,SMS,434272.87410640996,1288994,39166,1146
static,11,Social Network 1,666639.550695737,2775718,35517,1283
static,11,Social Network 3,99087.57519785292,507754,7072,207
periodic_reoptimization,11,Marketplace 1,13169.118006076958,27700,692,24
periodic_reoptimization,11,Marketplace 2,149231.00473701995,302297,8414,292
periodic_reoptimization,11,SMS,362401.7680766084,1088116,33062,991
periodic_reoptimization,11,Social Network 1,498940.6568937743,2086091,26729,1028
periodic_reoptimization,11,Social Network 3,176257.45228652027,893014,12457,371
thompson_sampling,11,Marketplace 1,204285.71428571426,424674,10871,424
thompson_sampling,11,Marketplace 2,242857.14285714296,490626,13682,462
thompson_sampling,11,Marketplace 3,10000.0,32727,519,11
thompson_sampling,11,Programmatic,7142.857142857138,47736,193,3
thompson_sampling,11,SMS,482857.14285714284,1398975,42547,1340
thompson_sampling,11,Social Network 1,121428.57142857136,514617,6544,231
thompson_sampling,11,Social Network 2,10000.0,43297,688,12
thompson_sampling,11,Social Network 3,121428.5714285714,614536,8504,235
linucb,11,Marketplace 1,230000.00000000012,470942,12017,491
linucb,11,Marketplace 2,67142.85714285713,135606,3834,119
linucb,11,SMS,629999.9999999999,1796170,54414,1594
linucb,11,Social Network 1,228571.42857142852,962560,12446,454
linucb,11,Social Network 3,44285.71428571429,223857,3107,70
oracle,11,Marketplace 1,407271.7067701663,837833,21192,879
oracle,11,SMS,708000.4636626281,1998210,60537,1819
oracle,11,Social Network 3,84727.82956720571,435496,5964,181
static,12,SMS,434272.87410640996,983945,35926,914
static,12,Social Network 1,666639.550695737,3279148,44818,1919
static,12,Social Network 3,99087.57519785292,641272,7207,198
periodic_reoptimization,12,Marketplace 2,0.00014378920109595742,0,0,0
periodic_reoptimization,12,SMS,349709.48844014254,798838,29304,715
periodic_reoptimization,12,Social Network 1,836135.1435306611,4074857,55470,2475
periodic_reoptimization,12,Social Network 3,14155.367885407559,91215,1044,27
thompson_sampling,12,Marketplace 1,171428.5714285714,310910,7339,428
thompson_sampling,12,Marketplace 2,631428.5714285715,1221512,37457,1542
thompson_sampling,12,Marketplace 3,30000.0,74126,1250,51
thompson_sampling,12,Programmatic,10000.0,57053,189,5
thompson_sampling,12,SMS,101428.57142857139,233449,8602,206
thompson_sampling,12,Social Network 1,238571.42857142852,1194914,16456,728
thompson_sampling,12,Social Network 2,7142.857142857145,31052,446,5
thompson_sampling,12,Social Network 3,10000.0,63837,737,18
linucb,12,SMS,67142.85714285728,155638,5454,126
linucb,12,Social Network 1,1132857.1428571427,5430436,74234,3322
oracle,12,Social Network 1,1199999.9999999998,5736880,77810,3473
static,13,SMS,434272.87410640996,1230173,33269,1026
static,13,Social Network 1,666639.550695737,2575516,45285,1991
static,13,Social Network 3,99087.57519785292,649164,8729,268
periodic_reoptimization,13,SMS,62038.98201520142,175750,5012,135
periodic_reoptimization,13,Social Network 1,1123805.650099391,4253966,74561,3173
periodic_reoptimization,13,Social Network 3,14155.367885407559,92641,1265,35
thompson_sampling,13,Marketplace 1,40000.0,71956,1442,78
thompson_sampling,13,Marketplace 2,17142.857142857145,37461,1207,35
thompson_sampling,13,Marketplace 3,10000.0,25006,346,10
thompson_sampling,13,SMS,20000.0,58978,1599,41
thompson_sampling,13,Social Network 1,1024285.7142857143,3890490,67759,2834
thompson_sampling,13,Social Network 2,7142.857142857145,33022,655,12
thompson_sampling,13,Social Network 3,81428.57142857136,524216,6986,245
linucb,13,SMS,319999.99999999994,900873,24435,822
linucb,13,Social Network 1,872857.1428571427,3337780,58705,2497
linucb,13,Social Network 3,7142.857142857276,46543,594,8
oracle,13,SMS,20873.447087343207,63528,1775,64
oracle,13,Social Network 1,875187.5776593336,3354367,58926,2433
oracle,13,Social Network 3,303938.9752533231,1942412,26061,832
static,14,SMS,434272.87410640996,1310752,43123,1403
static,14,Social Network 1,666639.550695737,2675403,48365,1765
static,14,Social Network 3,99087.57519785292,513111,8563,220
periodic_reoptimization,14,SMS,332577.7394608537,1021074,33826,1064
periodic_reoptimization,14,Social Network 1,853266.8926537388,3393640,61493,2133
periodic_reoptimization,14,Social Network 3,14155.367885407559,73565,1196,33
thompson_sampling,14,Marketplace 1,247142.85714285713,511408,10613,620
thompson_sampling,14,Marketplace 2,10000.0,19767,447,13
thompson_sampling,14,Marketplace 3,20000.0,46273,861,34
thompson_sampling,14,Programmatic,10000.0,62604,245,3
thompson_sampling,14,SMS,331428.57142857154,1012570,33431,1052
thompson_sampling,14,Social Network 1,541428.5714285714,2174803,39723,1428
thompson_sampling,14,Social Network 2,10000.0,33795,476,10
thompson_sampling,14,Social Network 3,30000.0,152882,2516,53
linucb,14,SMS,671428.5714285715,1926300,62382,2004
linucb,14,Social Network 1,528571.4285714285,2132042,39302,1423
oracle,14,Marketplace 1,83145.41883741808,174041,3600,212
oracle,14,SMS,699754.1653308639,2009330,65140,2111
oracle,14,Social Network 1,417100.415831718,1691957,30689,1062
static,15,SMS,434272.87410640996,1289953,37242,975
static,15,Social Network 1,666639.550695737,3072022,49419,2040
static,15,Social Network 3,99087.57519785292,531082,9078,319
periodic_reoptimization,15,SMS,62038.98201520142,184316,5601,158
periodic_reoptimization,15,Social Network 1,1110849.6233181695,4995111,79802,3365
periodic_reoptimization,15,Social Network 3,27111.39466662945,145359,2380,63
thompson_sampling,15,Marketplace 1,40000.0,86403,1835,101
thompson_sampling,15,Marketplace 2,44285.714285714275,96603,2778,104
thompson_sampling,15,Marketplace 3,10000.0,32824,463,9
thompson_sampling,15,SMS,17142.857142857145,53379,1578,37
thompson_sampling,15,Social Network 1,515714.28571428574,2385437,38932,1602
thompson_sampling,15,Social Network 2,10000.0,38974,419,6
thompson_sampling,15,Social Network 3,562857.1428571428,2868868,49384,1653
linucb,15,SMS,61428.57142857143,189173,5418,139
linucb,15,Social Network 1,952857.142857143,4306443,69708,2959
linucb,15,Social Network 3,185714.2857142856,940189,16428,566
oracle,15,Social Network 1,1044617.4167745482,4720850,75761,3136
oracle,15,Social Network 3,155382.58322545138,825931,14237,456
static,16,SMS,434272.87410640996,999647,42177,1379
static,16,Social Network 1,666639.550695737,3420451,53884,1930
static,16,Social Network 3,99087.57519785292,627440,8283,264
periodic_reoptimization,16,SMS,958593.0642344385,2029995,85464,2751
periodic_reoptimization,16,Social Network 1,215324.10606745078,1122466,17762,627
periodic_reoptimization,16,Social Network 3,26082.82969811079,165497,2203,71
thompson_sampling,16,Marketplace 1,71428.57142857139,148906,3792,173
thompson_sampling,16,Marketplace 2,54285.714285714275,127779,3077,124
thompson_sampling,16,Marketplace 3,10000.0,25721,337,11
thompson_sampling,16,Programmatic,10000.0,76484,325,8
thompson_sampling,16,SMS,947142.857142857,2014930,84456,2790
thompson_sampling,16,Social Network 1,87142.85714285722,458968,7241,271
thompson_sampling,16,Social Network 2,10000.0,32640,395,13
thompson_sampling,16,Social Network 3,10000.0,62723,779,21
linucb,16,SMS,645714.2857142857,1428143,61069,2084
linucb,16,Social Network 1,554285.7142857143,2855303,45175,1643
oracle,16,SMS,519229.3080172606,1177912,49598,1567
oracle,16,Social Network 1,680770.691982739,3495878,55255,2008
static,17,SMS,434272.87410640996,1248040,45939,1326
static,17,Social Network 1,666639.550695737,2823484,49732,1595
static,17,Social Network 3,99087.57519785292,648564,8911,259
periodic_reoptimization,17,Marketplace 2,4718.479313276315,12431,347,12
periodic_reoptimization,17,SMS,684959.1992488529,1881488,69128,2112
periodic_reoptimization,17,Social Network 1,496166.95355246344,2117619,37358,1197
periodic_reoptimization,17,Social Network 3,14155.367885407559,92713,1267,38
thompson_sampling,17,Marketplace 1,37142.85714285713,77065,1455,65
thompson_sampling,17,Marketplace 2,20000.0,51208,1457,37
thompson_sampling,17,Marketplace 3,17142.85714285713,46425,632,28
thompson_sampling,17,Programmatic,10000.0,63581,172,5
thompson_sampling,17,SMS,607142.8571428573,1683816,62029,1827
thompson_sampling,17,Social Network 1,488571.42857142846,2085443,36976,1189
thompson_sampling,17,Social Network 2,10000.0,35352,498,10
thompson_sampling,17,Social Network 3,10000.0,64475,841,18
linucb,17,SMS,592857.1428571428,1652721,60574,1736
linucb,17,Social Network 1,135714.2857142858,582323,10157,311
linucb,17,Social Network 3,471428.57142857136,2911568,40383,1295
oracle,17,Marketplace 2,445791.55006917485,1129103,32774,1177
oracle,17,SMS,567545.2822926043,1594554,58506,1767
oracle,17,Social Network 3,186663.16763822056,1210938,16637,490
static,18,SMS,434272.87410640996,1333367,46824,1508
static,18,Social Network 1,666639.550695737,3155952,45184,1816
static,18,Social Network 3,99087.57519785292,467122,6624,254
periodic_reoptimization,18,SMS,581662.421529691,1732349,59872,1977
periodic_reoptimization,18,Social Network 1,318650.84957006614,1527386,22141,863
periodic_reoptimization,18,Social Network 3,299686.72890024306,1381119,19598,677
thompson_sampling,18,Marketplace 1,20000.0,38305,652,30
thompson_sampling,18,Marketplace 2,17142.857142857138,38589,868,28
thompson_sampling,18,Marketplace 3,20000.0,57555,838,31
thompson_sampling,18,Programmatic,7142.857142857145,44720,137,4
thompson_sampling,18,SMS,645714.2857142857,1902852,65566,2194
thompson_sampling,18,Social Network 1,304285.71428571426,1464819,20645,854
thompson_sampling,18,Social Network 2,10000.0,35933,521,7
thompson_sampling,18,Social Network 3,175714.2857142858,814028,11497,395
linucb,18,SMS,714285.7142857142,2072930,71307,2382
linucb,18,Social Network 1,421428.57142857136,2013920,29244,1182
linucb,18,Social Network 3,64285.71428571441,296438,4513,149
oracle,18,SMS,761405.8144376539,2199443,75594,2566
oracle,18,Social Network 1,438594.18556234613,2098794,30235,1195
static,19,SMS,434272.87410640996,1016246,38397,1070
static,19,Social Network 1,666639.550695737,3162859,45707,2082
static,19,Social Network 3,99087.57519785292,561167,9674,275
periodic_reoptimization,19,SMS,409789.33689801255,959083,36100,1074
periodic_reoptimization,19,Social Network 1,776055.2952165802,3661510,53152,2349
periodic_reoptimization,19,Social Network 3,14155.367885407559,80344,1401,34
thompson_sampling,19,Marketplace 1,10000.0,19395,317,11
thompson_sampling,19,Marketplace 2,80000.0,154124,4087,162
thompson_sampling,19,Marketplace 3,10000.0,31535,505,16
thompson_sampling,19,Programmatic,10000.0,68337,222,1
thompson_sampling,19,SMS,475714.2857142857,1094812,41339,1176
thompson_sampling,19,Social Network 1,481428.5714285715,2297328,33565,1439
thompson_sampling,19,Social Network 2,10000.0,36127,548,7
thompson_sampling,19,Social Network 3,122857.14285714283,686856,12096,342
linucb,19,SMS,218571.42857142867,518001,20402,554
linucb,19,Social Network 1,981428.5714285714,4575531,67066,2983
oracle,19,Social Network 1,1055930.7019777498,4912796,71027,3078
oracle,19,Social Network 3,144069.29802225,813891,14248,409
