policy,seed,total_spend,total_clicks,total_conversions,total_kpi,cpc,cpa,oracle_kpi,regret_to_oracle,kpi_delta_vs_static
static,0,1199999.9999999998,95946,2984,2984.0,12.507035207304106,402.14477211796236,3253.0,269.0,0.0
periodic_reoptimization,0,1199999.9999999998,73231,2568,2568.0,16.386502983709082,467.2897196261681,3253.0,685.0,-416.0
thompson_sampling,0,1200000.0,73928,2653,2653.0,16.23200952277892,452.3181304183943,3253.0,600.0,-331.0
linucb,0,1200000.0,97914,3160,3160.0,12.255652919909307,379.746835443038,3253.0,93.0,176.0
oracle,0,1199999.9999999998,95778,3253,3253.0,12.528973250642107,368.8902551490931,3253.0,0.0,269.0
static,1,1199999.9999999998,109387,3803,3803.0,10.97022498103065,315.54036287141724,4179.0,376.0,0.0
periodic_reoptimization,1,1199999.9999999998,97228,4167,4167.0,12.342123668079152,287.9769618430525,4179.0,12.0,364.0
thompson_sampling,1,1200000.0,102068,3893,3893.0,11.756867970372692,308.2455689699461,4179.0,286.0,90.0
linucb,1,1200000.0,97284,4214,4214.0,12.335019119279634,284.76506881822496,4179.0,-35.0,411.0
oracle,1,1199999.9999999998,94006,4179,4179.0,12.765142650469116,287.1500358937544,4179.0,0.0,376.0
static,2,1199999.9999999998,81319,2550,2550.0,14.75669892645015,470.58823529411757,2884.0,334.0,0.0
periodic_reoptimization,2,1200000.0,88444,2885,2885.0,13.567907376418978,415.94454072790296,2884.0,-1.0,335.0
thompson_sampling,2,1200000.0,81560,2684,2684.0,14.713094654242276,447.0938897168405,2884.0,200.0,134.0
linucb,2,1200000.0,89299,2844,2844.0,13.43800042553668,421.9409282700422,2884.0,40.0,294.0
oracle,2,1199999.9999999998,85416,2884,2884.0,14.04889013767912,416.0887656033286,2884.0,0.0,334.0
static,3,1199999.9999999998,81023,2453,2453.0,14.810609333152312,489.19690175295545,2793.0,340.0,0.0
periodic_reoptimization,3,1200000.0000000002,90044,2778,2778.0,13.326818000088847,431.96544276457894,2793.0,15.0,325.0
thompson_sampling,3,1200000.0,79480,2627,2627.0,15.09813789632612,456.7948229920061,2793.0,166.0,174.0
linucb,3,1200000.0,88474,2684,2684.0,13.563306734181793,447.0938897168405,2793.0,109.0,231.0
oracle,3,1199999.9999999998,83257,2793,2793.0,14.413202493484029,429.6455424274972,2793.0,0.0,340.0
static,4,1199999.9999999998,96086,3170,3170.0,12.488812105821866,378.54889589905355,3345.0,175.0,0.0
periodic_reoptimization,4,1200000.0,98028,3163,3163.0,12.241400416207615,379.38665823585205,3345.0,182.0,-7.0
thompson_sampling,4,1200000.0,95373,3030,3030.0,12.582177345789688,396.03960396039605,3345.0,315.0,-140.0
linucb,4,1200000.0,107167,3230,3230.0,11.197476835219797,371.5170278637771,3345.0,115.0,60.0
oracle,4,1199999.9999999998,102894,3345,3345.0,11.662487608606913,358.744394618834,3345.0,0.0,175.0
static,5,1199999.9999999998,96266,3631,3631.0,12.465460287121099,330.4874690167997,3759.0,128.0,0.0
periodic_reoptimization,5,1199999.9999999995,90037,3596,3596.0,13.327854104423732,333.7041156840933,3759.0,163.0,-35.0
thompson_sampling,5,1200000.0,85491,3432,3432.0,14.036565252482717,349.65034965034965,3759.0,327.0,-199.0
linucb,5,1200000.0,91994,3586,3586.0,13.044328977976825,334.6346904629113,3759.0,173.0,-45.0
oracle,5,1199999.9999999988,92178,3759,3759.0,13.018290698431283,319.2338387869111,3759.0,0.0,128.0
static,6,1199999.9999999998,101545,3421,3421.0,11.817420847899944,350.77462730195845,3750.0,329.0,0.0
periodic_reoptimization,6,1200000.0,106671,3638,3638.0,11.24954298731614,329.8515667949423,3750.0,112.0,217.0
thompson_sampling,6,1200000.0,104918,3672,3672.0,11.437503574219868,326.797385620915,3750.0,78.0,251.0
linucb,6,1200000.0,106159,3716,3716.0,11.303799018453452,322.9278794402583,3750.0,34.0,295.0
oracle,6,1200000.0,109706,3750,3750.0,10.93832607150019,320.0,3750.0,0.0,329.0
static,7,1199999.9999999998,93534,3228,3228.0,12.829559304637883,371.7472118959107,3260.0,32.0,0.0
periodic_reoptimization,7,1200000.0,76213,3121,3121.0,15.745345282300919,384.4921499519385,3260.0,139.0,-107.0
thompson_sampling,7,1200000.0,73554,3073,3073.0,16.314544416347175,390.497884803124,3260.0,187.0,-155.0
linucb,7,1200000.0,94037,3300,3300.0,12.76093452577177,363.6363636363636,3260.0,-40.0,72.0
oracle,7,1200000.0,86542,3260,3260.0,13.866099697256823,368.09815950920245,3260.0,0.0,32.0
static,8,1199999.9999999998,89872,3331,3331.0,13.352323304254938,360.25217652356645,3576.0,245.0,0.0
periodic_reoptimization,8,1200000.0,87770,3451,3451.0,13.672097527629031,347.72529701535785,3576.0,125.0,120.0
thompson_sampling,8,1200000.0,81098,3484,3484.0,14.796912377617204,344.4316877152698,3576.0,92.0,153.0
linucb,8,1200000.0,83612,3613,3613.0,14.352006888963306,332.1339606974813,3576.0,-37.0,282.0
oracle,8,1199999.9999999998,79765,3576,3576.0,15.04419231492509,335.57046979865765,3576.0,0.0,245.0
static,9,1199999.9999999998,87749,2652,2652.0,13.675369519880565,452.48868778280536,3312.0,660.0,0.0
periodic_reoptimization,9,1200000.0,86851,3215,3215.0,13.816766646325316,373.2503888024883,3312.0,97.0,563.0
thompson_sampling,9,1200000.0,81312,3134,3134.0,14.757969303423849,382.89725590299935,3312.0,178.0,482.0
linucb,9,1200000.0,97773,2981,2981.0,12.273326992114388,402.54948004025493,3312.0,331.0,329.0
oracle,9,1199999.9999999998,85951,3312,3312.0,13.961443147840045,362.31884057971007,3312.0,0.0,660.0
static,10,1199999.9999999998,91655,2712,2712.0,13.092575418689648,442.4778761061946,2912.0,200.0,0.0
periodic_reoptimization,10,1199999.9999999998,81842,2639,2639.0,14.662398279611933,454.71769609700635,2912.0,273.0,-73.0
thompson_sampling,10,1200000.0,86497,2759,2759.0,13.873313525324578,434.9401957230881,2912.0,153.0,47.0
linucb,10,1200000.0,97599,2722,2722.0,12.29520794270433,440.852314474651,2912.0,190.0,10.0
oracle,10,1200000.0,81466,2912,2912.0,14.730071440846489,412.0879120879121,2912.0,0.0,200.0
static,11,1199999.9999999998,81755,2636,2636.0,14.678001345483453,455.2352048558421,2879.0,243.0,0.0
periodic_reoptimization,11,1200000.0,81354,2706,2706.0,14.75035032082012,443.4589800443459,2879.0,173.0,70.0
thompson_sampling,11,1200000.0,83548,2718,2718.0,14.363000909656725,441.5011037527594,2879.0,161.0,82.0
linucb,11,1200000.0,85818,2728,2728.0,13.98308047262812,439.88269794721407,2879.0,151.0,92.0
oracle,11,1199999.9999999995,87693,2879,2879.0,13.684102493927675,416.8113928447376,2879.0,0.0,243.0
static,12,1199999.9999999998,87951,3031,3031.0,13.643960841832381,395.9089409435829,3473.0,442.0,0.0
periodic_reoptimization,12,1199999.9999999995,85818,3217,3217.0,13.983080472628114,373.0183400683866,3473.0,256.0,186.0
thompson_sampling,12,1200000.0,72476,2983,2983.0,16.557205143771732,402.2795843110962,3473.0,490.0,-48.0
linucb,12,1200000.0,79688,3448,3448.0,15.058729043268748,348.0278422273782,3473.0,25.0,417.0
oracle,12,1199999.9999999998,77810,3473,3473.0,15.422182238786785,345.52260293694206,3473.0,0.0,442.0
static,13,1199999.9999999998,87283,3285,3285.0,13.748381700903954,365.296803652968,3329.0,44.0,0.0
periodic_reoptimization,13,1199999.9999999998,80838,3343,3343.0,14.844503822459732,358.9590188453484,3329.0,-14.0,58.0
thompson_sampling,13,1200000.0,79994,3255,3255.0,15.001125084381329,368.66359447004606,3329.0,74.0,-30.0
linucb,13,1200000.0,83734,3327,3327.0,14.331096089999283,360.6853020739405,3329.0,2.0,42.0
oracle,13,1199999.9999999988,86762,3329,3329.0,13.830939812360237,360.4686091919492,3329.0,0.0,44.0
static,14,1199999.9999999998,100051,3388,3388.0,11.993883119608997,354.1912632821723,3385.0,-3.0,0.0
periodic_reoptimization,14,1200000.0,96515,3230,3230.0,12.433300523234731,371.5170278637771,3385.0,155.0,-158.0
thompson_sampling,14,1200000.0,88312,3213,3213.0,13.588187335809403,373.4827264239029,3385.0,172.0,-175.0
linucb,14,1200000.0,101684,3427,3427.0,11.80126666928917,350.1604902246863,3385.0,-42.0,39.0
oracle,14,1199999.9999999988,99429,3385,3385.0,12.068913496062505,354.5051698670602,3385.0,0.0,-3.0
static,15,1199999.9999999998,95739,3334,3334.0,12.534077021903297,359.9280143971205,3592.0,258.0,0.0
periodic_reoptimization,15,1200000.0,87783,3586,3586.0,13.670072793137624,334.6346904629113,3592.0,6.0,252.0
thompson_sampling,15,1200000.0,95389,3512,3512.0,12.580066884022267,341.6856492027335,3592.0,80.0,178.0
linucb,15,1200000.0,91554,3664,3664.0,13.10701880857199,327.51091703056767,3592.0,-72.0,330.0
oracle,15,1200000.0,89998,3592,3592.0,13.333629636214138,334.07572383073494,3592.0,0.0,258.0
static,16,1199999.9999999998,104344,3573,3573.0,11.500421682128342,335.8522250209907,3575.0,2.0,0.0
periodic_reoptimization,16,1200000.0,105429,3449,3449.0,11.382067552570925,347.92693534357784,3575.0,126.0,-124.0
thompson_sampling,16,1200000.0,100402,3411,3411.0,11.951953148343659,351.80299032541774,3575.0,164.0,-162.0
linucb,16,1200000.0,106244,3727,3727.0,11.294755468544105,321.9747786423397,3575.0,-152.0,154.0
oracle,16,1200000.0,104853,3575,3575.0,11.444593859975393,335.6643356643357,3575.0,0.0,2.0
static,17,1199999.9999999998,104582,3180,3180.0,11.474249870914687,377.3584905660377,3434.0,254.0,0.0
periodic_reoptimization,17,1199999.9999999998,108100,3359,3359.0,11.10083256244218,357.24918130395946,3434.0,75.0,179.0
thompson_sampling,17,1200000.0,104060,3179,3179.0,11.531808571977706,377.47719408619065,3434.0,255.0,-1.0
linucb,17,1200000.0,111114,3342,3342.0,10.79971920730061,359.0664272890485,3434.0,92.0,162.0
oracle,17,1199999.9999999998,107917,3434,3434.0,11.11965677326093,349.44670937681997,3434.0,0.0,254.0
static,18,1199999.9999999998,98632,3578,3578.0,12.166436856192714,335.38289547233086,3761.0,183.0,0.0
periodic_reoptimization,18,1199999.9999999995,101611,3517,3517.0,11.809745007922366,341.1998862667044,3761.0,244.0,-61.0
thompson_sampling,18,1200000.0,100724,3543,3543.0,11.913744489893173,338.69602032176124,3761.0,218.0,-35.0
linucb,18,1200000.0,105064,3713,3713.0,11.421609685525013,323.18879612173447,3761.0,48.0,135.0
oracle,18,1199999.9999999995,105829,3761,3761.0,11.339046953103587,319.0640787024726,3761.0,0.0,183.0
static,19,1199999.9999999998,93778,3427,3427.0,12.79617820810851,350.16049022468627,3487.0,60.0,0.0
periodic_reoptimization,19,1199999.9999999995,90653,3457,3457.0,13.237289444364771,347.12178189181355,3487.0,30.0,30.0
thompson_sampling,19,1200000.0,92679,3154,3154.0,12.947917003852005,380.46924540266326,3487.0,333.0,-273.0
linucb,19,1200000.0,87468,3537,3537.0,13.719303059404583,339.2705682782019,3487.0,-50.0,110.0
oracle,19,1199999.9999999998,85275,3487,3487.0,14.072119613016708,344.1353599082305,3487.0,0.0,60.0
